titre,date,url
Balades dans les squares de Paris,Du mercredi 8 au mercredi 29 juillet 2026,https://www.paris.fr/evenements/balades-dans-les-squares-de-paris-115532
Jardin d'été fête ses 20 ans,Du samedi 4 juillet au dimanche 2 août 2026,https://www.paris.fr/evenements/jardin-d-ete-fete-ses-20-ans-115044
Des séances en famille et en plein air au musée du quai Branly,du quai Branly Du samedi 11 juillet au dimanche 2 août 2026,https://www.paris.fr/evenements/des-seances-en-famille-et-en-plein-air-au-musee-du-quai-branly-115046
Exposition - Les vêtements d'Armand et de La Princesse coquette,Du mercredi 13 mai au samedi 1er août 2026,https://www.paris.fr/evenements/exposition-les-vetements-d-armand-et-de-la-princesse-coquette-108485
Le Bookclub du Jardin21,Le Bookclub du Jardin21 Du mercredi 1er au mercredi 29 juillet 2026,https://www.paris.fr/evenements/le-bookclub-du-jardin21-114158
Normalito · Pauline Sales,Du vendredi 18 décembre 2026,https://www.paris.fr/evenements/normalito-pauline-sales-116916
Paris sous les étoiles : 22 soirées gratuites d'observation du ciel,du ciel Du samedi 27 juin au samedi 5 septembre 2026,https://www.paris.fr/evenements/paris-sous-les-etoiles-22-soirees-gratuites-d-observation-du-ciel-113951
Ce matin-LÀ !,Du samedi 22 août au mercredi 18 novembre 2026,https://www.paris.fr/evenements/ce-matin-la-117024
Chevaliers Princesse et Dragon,Du samedi 26 septembre 2026,https://www.paris.fr/evenements/chevaliers-princesse-et-dragon-117025
Flash le petit papillon dont les minutes sont contées,le petit papillon dont les minutes sont contées Du mercredi 7 au dimanche 25 octobre 2026,https://www.paris.fr/evenements/flash-le-petit-papillon-dont-les-minutes-sont-contees-117026
ADOS,Du samedi 12 septembre 2026,https://www.paris.fr/evenements/ados-117028
Traversez le bassin de la Villette en tyrolienne !,le bassin de la Villette en tyrolienne ! Du samedi 4 juillet au dimanche 30 août 2026,https://www.paris.fr/evenements/traversez-le-bassin-de-la-villette-en-tyrolienne-114957
Des trampolines pour sauter tout l'été au bassin de la Villette,Du samedi 4 juillet au dimanche 30 août 2026,https://www.paris.fr/evenements/des-trampolines-pour-sauter-tout-l-ete-au-bassin-de-la-villette-114960
Mercredi c'est tout vert,Du mercredi 27 mai au mercredi 19 août 2026,https://www.paris.fr/evenements/mercredi-c-est-tout-vert-86418
Journée 100% fun à la piscine Georges Hermant !,Le mercredi 29 juillet 2026,https://www.paris.fr/evenements/journee-100-fun-a-la-piscine-georges-hermant-117010
Soigneur d'un jour à la ferme pédagogique René Binet (18e),Du mardi 7 au jeudi 30 juillet 2026,https://www.paris.fr/evenements/soigneur-d-un-jour-a-la-ferme-pedagogique-rene-binet-18e-86400
La bibliothèque Goutte d'Or hors les murs | BHLM 2026,Du mercredi 1er au vendredi 31 juillet 2026,https://www.paris.fr/evenements/la-bibliotheque-goutte-d-or-hors-les-murs-bhlm-2026-109502
"« Voyage en milieux humides », la nouvelle saison du Parc zoologique de Paris",du Parc zoologique de Paris Du samedi 18 avril au dimanche 1er novembre 2026,https://www.paris.fr/evenements/voyage-en-milieux-humides-la-nouvelle-saison-du-parc-zoologique-de-paris-107716
Les Ludomouv à Paris Plages !,Du samedi 4 au jeudi 30 juillet 2026,https://www.paris.fr/evenements/les-ludomouv-a-paris-plages-115794
Les Ludomouv itinérantes vous accueillent tout l'été !,Du samedi 18 avril au mercredi 30 septembre 2026,https://www.paris.fr/evenements/les-ludomouv-itinerantes-vous-accueillent-tout-l-ete-115784
Albums tout en images : création et médiation,Le jeudi 24 septembre 2026,https://www.paris.fr/evenements/livres-tout-en-images-creation-et-mediation-116832
Gagnez des dossards pour le Viti-trail 2026,le Viti-trail 2026,https://www.paris.fr/evenements/2eme-edition-du-viti-trail-10-km-du-domaine-viticole-de-paris-gravelle-114964
Remportez des places pour les Championnats d'Europe de natation 2026,Du vendredi 31 juillet au dimanche 9 août 2026,https://www.paris.fr/evenements/championnats-d-europe-de-natation-2026-104834
Tout savoir sur Paris Plages 2026,Du samedi 4 juillet au dimanche 30 août 2026,https://www.paris.fr/evenements/tout-savoir-sur-paris-plages-2026-114591
Que faire à Paris quand on aime le vélo,le vélo Du lundi 1er juin au jeudi 31 décembre 2026,https://www.paris.fr/evenements/que-faire-a-paris-quand-on-aime-le-velo-113553
